<?xml version="1.0"?>
<graphicTemplate id="IGFET P-type" extScale="True" extRotate="True" extConnect="True" keepAspectRatio="True">
  <points>
    <point id="PT_0" x="0" y="14" controllable="False" connectable="False" />
    <point id="PT_1" x="166" y="180" controllable="False" connectable="False" />
    <point id="PT_2" x="83" y="180" controllable="False" connectable="False" />
    <point id="PT_3" x="33" y="0" controllable="False" connectable="True" />
    <point id="PT_4" x="33" y="90" controllable="False" connectable="False" />
    <point id="PT_5" x="33" y="90" controllable="False" connectable="False" />
    <point id="PT_6" x="137" y="90" controllable="False" connectable="False" />
    <point id="PT_7" x="21" y="100" controllable="False" connectable="False" />
    <point id="PT_8" x="44" y="100" controllable="False" connectable="False" />
    <point id="PT_9" x="71" y="100" controllable="False" connectable="False" />
    <point id="PT_10" x="97" y="100" controllable="False" connectable="False" />
    <point id="PT_11" x="123" y="100" controllable="False" connectable="False" />
    <point id="PT_12" x="146" y="100" controllable="False" connectable="False" />
    <point id="PT_13" x="33" y="100" controllable="False" connectable="False" />
    <point id="PT_14" x="33" y="194" controllable="False" connectable="True" />
    <point id="PT_15" x="136" y="101" controllable="False" connectable="False" />
    <point id="PT_16" x="136" y="194" controllable="False" connectable="True" />
    <point id="PT_17" x="83" y="100" controllable="False" connectable="False" />
    <point id="PT_18" x="83" y="152" controllable="False" connectable="False" />
    <point id="PT_19" x="82" y="117" controllable="False" connectable="False" />
    <point id="PT_20" x="75" y="106" controllable="False" connectable="False" />
    <point id="PT_21" x="84" y="118" controllable="False" connectable="False" />
    <point id="PT_22" x="92" y="106" controllable="False" connectable="False" />
  </points>
  <drawings>
    <arc leftTop="PT_0" rightDown="PT_1" startPoint="PT_2" endPoint="PT_2" style="def" />
    <line startPoint="PT_3" endPoint="PT_4" style="def" />
    <line startPoint="PT_5" endPoint="PT_6" style="def" />
    <line startPoint="PT_7" endPoint="PT_8" style="def" />
    <line startPoint="PT_9" endPoint="PT_10" style="def" />
    <line startPoint="PT_11" endPoint="PT_12" style="def" />
    <line startPoint="PT_13" endPoint="PT_14" style="def" />
    <line startPoint="PT_15" endPoint="PT_16" style="def" />
    <line startPoint="PT_17" endPoint="PT_18" style="def" />
    <line startPoint="PT_19" endPoint="PT_20" style="def" />
    <line startPoint="PT_21" endPoint="PT_22" style="def" />
  </drawings>
  <fillings />
  <styles>
    <drawingStyle id="def" red="0" green="0" blue="0" width="1" style="solid" />
  </styles>
</graphicTemplate>