<?xml version="1.0"?>
<graphicTemplate id="Diode" extScale="True" extRotate="True" extConnect="True" keepAspectRatio="True">
  <points>
    <point id="PT_0" x="2" y="0" controllable="False" connectable="False" />
    <point id="PT_1" x="168" y="166" controllable="False" connectable="False" />
    <point id="PT_2" x="85" y="166" controllable="False" connectable="False" />
    <point id="PT_3" x="0" y="86" controllable="False" connectable="True" />
    <point id="PT_4" x="64" y="86" controllable="False" connectable="False" />
    <point id="PT_5" x="64" y="63" controllable="False" connectable="False" />
    <point id="PT_6" x="64" y="109" controllable="False" connectable="False" />
    <point id="PT_7" x="64" y="109" controllable="False" connectable="False" />
    <point id="PT_8" x="105" y="87" controllable="False" connectable="False" />
    <point id="PT_9" x="106" y="86" controllable="False" connectable="False" />
    <point id="PT_10" x="65" y="64" controllable="False" connectable="False" />
    <point id="PT_11" x="106" y="86" controllable="False" connectable="False" />
    <point id="PT_12" x="168" y="86" controllable="False" connectable="True" />
    <point id="PT_13" x="107" y="60" controllable="False" connectable="False" />
    <point id="PT_14" x="107" y="111" controllable="False" connectable="False" />
  </points>
  <drawings>
    <arc leftTop="PT_0" rightDown="PT_1" startPoint="PT_2" endPoint="PT_2" style="def" />
    <line startPoint="PT_3" endPoint="PT_4" style="def" />
    <line startPoint="PT_5" endPoint="PT_6" style="def" />
    <line startPoint="PT_7" endPoint="PT_8" style="def" />
    <line startPoint="PT_9" endPoint="PT_10" style="def" />
    <line startPoint="PT_11" endPoint="PT_12" style="def" />
    <line startPoint="PT_13" endPoint="PT_14" style="def" />
  </drawings>
  <fillings />
  <styles>
    <drawingStyle id="def" red="0" green="0" blue="0" width="1" style="solid" />
  </styles>
</graphicTemplate>