<?xml version="1.0"?>
<graphicTemplate id="Triac" extScale="True" extRotate="True" extConnect="True" keepAspectRatio="True">
  <points>
    <point id="PT_0" x="0" y="0" controllable="False" connectable="False" />
    <point id="PT_1" x="166" y="166" controllable="False" connectable="False" />
    <point id="PT_2" x="83" y="166" controllable="False" connectable="False" />
    <point id="PT_3" x="1" y="82" controllable="False" connectable="True" />
    <point id="PT_4" x="166" y="82" controllable="False" connectable="True" />
    <point id="PT_5" x="54" y="35" controllable="False" connectable="False" />
    <point id="PT_6" x="54" y="80" controllable="False" connectable="False" />
    <point id="PT_7" x="55" y="80" controllable="False" connectable="False" />
    <point id="PT_8" x="98" y="56" controllable="False" connectable="False" />
    <point id="PT_9" x="96" y="55" controllable="False" connectable="False" />
    <point id="PT_10" x="54" y="33" controllable="False" connectable="False" />
    <point id="PT_13" x="98" y="30" controllable="False" connectable="False" />
    <point id="PT_14" x="98" y="81" controllable="False" connectable="False" />
    <point id="PT_15" x="98" y="83" controllable="False" connectable="False" />
    <point id="PT_16" x="98" y="125" controllable="False" connectable="False" />
    <point id="PT_17" x="55" y="102" controllable="False" connectable="False" />
    <point id="PT_18" x="97" y="126" controllable="False" connectable="False" />
    <point id="PT_19" x="54" y="102" controllable="False" connectable="False" />
    <point id="PT_20" x="97" y="82" controllable="False" connectable="False" />
    <point id="PT_21" x="54" y="83" controllable="False" connectable="False" />
    <point id="PT_22" x="54" y="126" controllable="False" connectable="False" />
    <point id="PT_23" x="98" y="56" controllable="False" connectable="False" />
    <point id="PT_24" x="136" y="42" controllable="False" connectable="False" />
    <point id="PT_25" x="136" y="42" controllable="False" connectable="False" />
    <point id="PT_26" x="136" y="2" controllable="False" connectable="True" />
  </points>
  <drawings>
    <arc leftTop="PT_0" rightDown="PT_1" startPoint="PT_2" endPoint="PT_2" style="def" />
    <line startPoint="PT_3" endPoint="PT_4" style="def" />
    <line startPoint="PT_5" endPoint="PT_6" style="def" />
    <line startPoint="PT_7" endPoint="PT_8" style="def" />
    <line startPoint="PT_9" endPoint="PT_10" style="def" />
    <line startPoint="PT_13" endPoint="PT_14" style="def" />
    <line startPoint="PT_15" endPoint="PT_16" style="def" />
    <line startPoint="PT_17" endPoint="PT_18" style="def" />
    <line startPoint="PT_19" endPoint="PT_20" style="def" />
    <line startPoint="PT_21" endPoint="PT_22" style="def" />
    <line startPoint="PT_23" endPoint="PT_24" style="def" />
    <line startPoint="PT_25" endPoint="PT_26" style="def" />
  </drawings>
  <fillings />
  <styles>
    <drawingStyle id="def" red="0" green="0" blue="0" width="1" style="solid" />
  </styles>
</graphicTemplate>