<?xml version="1.0"?>
<graphicTemplate id="Tube Pentode" extScale="True" extRotate="True" extConnect="True" keepAspectRatio="True">
  <points>
    <point id="PT_3" x="112" y="0" controllable="False" connectable="True" />
    <point id="PT_4" x="112" y="91" controllable="False" connectable="False" />
    <point id="PT_5" x="68" y="91" controllable="False" connectable="False" />
    <point id="PT_6" x="156" y="91" controllable="False" connectable="False" />
    <point id="PT_13" x="91" y="219" controllable="False" connectable="False" />
    <point id="PT_14" x="111" y="199" controllable="False" connectable="False" />
    <point id="PT_15" x="112" y="200" controllable="False" connectable="False" />
    <point id="PT_16" x="131" y="219" controllable="False" connectable="False" />
    <point id="PT_17" x="91" y="217" controllable="False" connectable="False" />
    <point id="PT_18" x="91" y="250" controllable="False" connectable="True" />
    <point id="PT_19" x="131" y="219" controllable="False" connectable="False" />
    <point id="PT_20" x="131" y="251" controllable="False" connectable="True" />
    <point id="PT_21" x="0" y="110" controllable="False" connectable="True" />
    <point id="PT_22" x="55" y="110" controllable="False" connectable="False" />
    <point id="PT_23" x="162" y="132" controllable="False" connectable="False" />
    <point id="PT_24" x="228" y="132" controllable="False" connectable="True" />
    <point id="PT_25" x="70" y="110" controllable="False" connectable="False" />
    <point id="PT_26" x="89" y="110" controllable="False" connectable="False" />
    <point id="PT_27" x="100" y="110" controllable="False" connectable="False" />
    <point id="PT_28" x="117" y="110" controllable="False" connectable="False" />
    <point id="PT_29" x="127" y="110" controllable="False" connectable="False" />
    <point id="PT_30" x="147" y="110" controllable="False" connectable="False" />
    <point id="PT_31" x="71" y="131" controllable="False" connectable="False" />
    <point id="PT_32" x="87" y="131" controllable="False" connectable="False" />
    <point id="PT_33" x="100" y="130" controllable="False" connectable="False" />
    <point id="PT_34" x="118" y="130" controllable="False" connectable="False" />
    <point id="PT_35" x="128" y="131" controllable="False" connectable="False" />
    <point id="PT_36" x="148" y="131" controllable="False" connectable="False" />
    <point id="PT_37" x="1" y="155" controllable="False" connectable="True" />
    <point id="PT_38" x="56" y="155" controllable="False" connectable="False" />
    <point id="PT_39" x="71" y="154" controllable="False" connectable="False" />
    <point id="PT_40" x="88" y="154" controllable="False" connectable="False" />
    <point id="PT_41" x="98" y="154" controllable="False" connectable="False" />
    <point id="PT_42" x="118" y="154" controllable="False" connectable="False" />
    <point id="PT_43" x="130" y="154" controllable="False" connectable="False" />
    <point id="PT_44" x="147" y="154" controllable="False" connectable="False" />
    <point id="PT_45" x="33" y="38" controllable="False" connectable="False" />
    <point id="PT_46" x="192" y="223" controllable="False" connectable="False" />
    <point id="PT_47" x="112" y="223" controllable="False" connectable="False" />
  </points>
  <drawings>
    <line startPoint="PT_3" endPoint="PT_4" style="def" />
    <line startPoint="PT_5" endPoint="PT_6" style="sty1" />
    <line startPoint="PT_13" endPoint="PT_14" style="def" />
    <line startPoint="PT_15" endPoint="PT_16" style="def" />
    <line startPoint="PT_17" endPoint="PT_18" style="def" />
    <line startPoint="PT_19" endPoint="PT_20" style="def" />
    <line startPoint="PT_21" endPoint="PT_22" style="def" />
    <line startPoint="PT_23" endPoint="PT_24" style="def" />
    <line startPoint="PT_25" endPoint="PT_26" style="def" />
    <line startPoint="PT_27" endPoint="PT_28" style="def" />
    <line startPoint="PT_29" endPoint="PT_30" style="def" />
    <line startPoint="PT_31" endPoint="PT_32" style="def" />
    <line startPoint="PT_33" endPoint="PT_34" style="def" />
    <line startPoint="PT_35" endPoint="PT_36" style="def" />
    <line startPoint="PT_37" endPoint="PT_38" style="def" />
    <line startPoint="PT_39" endPoint="PT_40" style="def" />
    <line startPoint="PT_41" endPoint="PT_42" style="def" />
    <line startPoint="PT_43" endPoint="PT_44" style="def" />
    <arc leftTop="PT_45" rightDown="PT_46" startPoint="PT_47" endPoint="PT_47" style="def" />
  </drawings>
  <fillings />
  <styles>
    <drawingStyle id="def" red="0" green="0" blue="0" width="1" style="solid" />
    <drawingStyle id="def" red="0" green="0" blue="0" width="1" style="solid" />
    <drawingStyle id="sty0" red="0" green="0" blue="0" width="1" style="solid" />
    <drawingStyle id="sty1" red="0" green="0" blue="0" width="1" style="solid" />
  </styles>
</graphicTemplate>