<?xml version="1.0"?>
<graphicTemplate id="Unijunction" extScale="True" extRotate="True" extConnect="True" keepAspectRatio="True">
  <points>
    <point id="PT_0" x="15" y="22" controllable="False" connectable="False" />
    <point id="PT_1" x="181" y="188" controllable="False" connectable="False" />
    <point id="PT_2" x="98" y="188" controllable="False" connectable="False" />
    <point id="PT_3" x="0" y="68" controllable="False" connectable="True" />
    <point id="PT_4" x="30" y="88" controllable="False" connectable="False" />
    <point id="PT_15" x="71" y="73" controllable="False" connectable="False" />
    <point id="PT_16" x="140" y="73" controllable="False" connectable="False" />
    <point id="PT_17" x="140" y="73" controllable="False" connectable="False" />
    <point id="PT_18" x="140" y="0" controllable="False" connectable="True" />
    <point id="PT_19" x="70" y="141" controllable="False" connectable="False" />
    <point id="PT_20" x="136" y="141" controllable="False" connectable="False" />
    <point id="PT_21" x="136" y="141" controllable="False" connectable="False" />
    <point id="PT_22" x="136" y="207" controllable="False" connectable="True" />
    <point id="PT_23" x="69" y="49" controllable="False" connectable="False" />
    <point id="PT_24" x="69" y="162" controllable="False" connectable="False" />
    <point id="PT_25" x="30" y="87" controllable="False" connectable="False" />
    <point id="PT_26" x="39" y="107" controllable="False" connectable="False" />
    <point id="PT_27" x="39" y="107" controllable="False" connectable="False" />
    <point id="PT_28" x="52" y="87" controllable="False" connectable="False" />
    <point id="PT_29" x="52" y="87" controllable="False" connectable="False" />
    <point id="PT_30" x="30" y="87" controllable="False" connectable="False" />
    <point id="PT_31" x="47" y="98" controllable="False" connectable="False" />
    <point id="PT_32" x="68" y="111" controllable="False" connectable="False" />
  </points>
  <drawings>
    <arc leftTop="PT_0" rightDown="PT_1" startPoint="PT_2" endPoint="PT_2" style="def" />
    <line startPoint="PT_3" endPoint="PT_4" style="def" />
    <line startPoint="PT_15" endPoint="PT_16" style="def" />
    <line startPoint="PT_17" endPoint="PT_18" style="def" />
    <line startPoint="PT_19" endPoint="PT_20" style="def" />
    <line startPoint="PT_21" endPoint="PT_22" style="def" />
    <line startPoint="PT_23" endPoint="PT_24" style="def" />
    <line startPoint="PT_25" endPoint="PT_26" style="def" />
    <line startPoint="PT_27" endPoint="PT_28" style="def" />
    <line startPoint="PT_29" endPoint="PT_30" style="def" />
    <line startPoint="PT_31" endPoint="PT_32" style="def" />
  </drawings>
  <fillings />
  <styles>
    <drawingStyle id="def" red="0" green="0" blue="0" width="1" style="solid" />
  </styles>
</graphicTemplate>