<?xml version="1.0"?>
<graphicTemplate id="Bipolar" extScale="True" extRotate="True" extConnect="True" keepAspectRatio="True">
  <points>
    <point id="PT_0" x="28" y="21" controllable="False" connectable="False" />
    <point id="PT_1" x="194" y="187" controllable="False" connectable="False" />
    <point id="PT_2" x="111" y="187" controllable="False" connectable="False" />
    <point id="PT_5" x="78" y="53" controllable="False" connectable="False" />
    <point id="PT_6" x="78" y="150" controllable="False" connectable="False" />
    <point id="PT_7" x="79" y="73" controllable="False" connectable="False" />
    <point id="PT_8" x="164" y="41" controllable="False" connectable="False" />
    <point id="PT_9" x="164" y="40" controllable="False" connectable="False" />
    <point id="PT_10" x="164" y="0" controllable="False" connectable="True" />
    <point id="PT_11" x="78" y="132" controllable="False" connectable="False" />
    <point id="PT_12" x="99" y="128" controllable="False" connectable="False" />
    <point id="PT_13" x="78" y="132" controllable="False" connectable="False" />
    <point id="PT_14" x="91" y="148" controllable="False" connectable="False" />
    <point id="PT_15" x="91" y="148" controllable="False" connectable="False" />
    <point id="PT_16" x="98" y="129" controllable="False" connectable="False" />
    <point id="PT_17" x="94" y="139" controllable="False" connectable="False" />
    <point id="PT_18" x="159" y="171" controllable="False" connectable="False" />
    <point id="PT_19" x="78" y="104" controllable="False" connectable="False" />
    <point id="PT_20" x="0" y="104" controllable="False" connectable="True" />
    <point id="PT_21" x="159" y="171" controllable="False" connectable="False" />
    <point id="PT_22" x="159" y="207" controllable="False" connectable="True" />
  </points>
  <drawings>
    <arc leftTop="PT_0" rightDown="PT_1" startPoint="PT_2" endPoint="PT_2" style="def" />
    <line startPoint="PT_5" endPoint="PT_6" style="def" />
    <line startPoint="PT_7" endPoint="PT_8" style="def" />
    <line startPoint="PT_9" endPoint="PT_10" style="def" />
    <line startPoint="PT_11" endPoint="PT_12" style="def" />
    <line startPoint="PT_13" endPoint="PT_14" style="def" />
    <line startPoint="PT_15" endPoint="PT_16" style="def" />
    <line startPoint="PT_17" endPoint="PT_18" style="def" />
    <line startPoint="PT_19" endPoint="PT_20" style="def" />
    <line startPoint="PT_21" endPoint="PT_22" style="def" />
  </drawings>
  <fillings />
  <styles>
    <drawingStyle id="def" red="0" green="0" blue="0" width="1" style="solid" />
  </styles>
</graphicTemplate>