<?xml version="1.0"?>
<graphicTemplate id="Four Layer Diode" extScale="True" extRotate="True" extConnect="True" keepAspectRatio="True">
  <points>
    <point id="PT_0" x="25" y="0" controllable="False" connectable="False" />
    <point id="PT_1" x="191" y="166" controllable="False" connectable="False" />
    <point id="PT_2" x="108" y="166" controllable="False" connectable="False" />
    <point id="PT_3" x="0" y="86" controllable="False" connectable="True" />
    <point id="PT_4" x="216" y="86" controllable="False" connectable="True" />
    <point id="PT_5" x="88" y="63" controllable="False" connectable="False" />
    <point id="PT_6" x="88" y="109" controllable="False" connectable="False" />
    <point id="PT_9" x="130" y="86" controllable="False" connectable="False" />
    <point id="PT_10" x="89" y="64" controllable="False" connectable="False" />
  </points>
  <drawings>
    <arc leftTop="PT_0" rightDown="PT_1" startPoint="PT_2" endPoint="PT_2" style="def" />
    <line startPoint="PT_3" endPoint="PT_4" style="def" />
    <line startPoint="PT_5" endPoint="PT_6" style="def" />
    <line startPoint="PT_9" endPoint="PT_10" style="def" />
  </drawings>
  <fillings />
  <styles>
    <drawingStyle id="def" red="0" green="0" blue="0" width="1" style="solid" />
  </styles>
</graphicTemplate>