<?xml version="1.0"?>
<graphicTemplate id="Transverse" extScale="True" extRotate="True" extConnect="True" keepAspectRatio="True">
  <points>
    <point id="PT_0" x="35" y="16" controllable="False" connectable="False" />
    <point id="PT_1" x="201" y="182" controllable="False" connectable="False" />
    <point id="PT_2" x="118" y="182" controllable="False" connectable="False" />
    <point id="PT_3" x="0" y="70" controllable="False" connectable="True" />
    <point id="PT_4" x="82" y="70" controllable="False" connectable="False" />
    <point id="PT_5" x="1" y="133" controllable="False" connectable="True" />
    <point id="PT_6" x="82" y="133" controllable="False" connectable="False" />
    <point id="PT_7" x="82" y="45" controllable="False" connectable="False" />
    <point id="PT_8" x="82" y="154" controllable="False" connectable="False" />
    <point id="PT_9" x="82" y="69" controllable="False" connectable="False" />
    <point id="PT_10" x="171" y="36" controllable="False" connectable="False" />
    <point id="PT_11" x="171" y="35" controllable="False" connectable="False" />
    <point id="PT_12" x="171" y="0" controllable="False" connectable="True" />
    <point id="PT_13" x="83" y="133" controllable="False" connectable="False" />
    <point id="PT_14" x="116" y="147" controllable="False" connectable="False" />
    <point id="PT_15" x="116" y="147" controllable="False" connectable="False" />
    <point id="PT_16" x="125" y="167" controllable="False" connectable="False" />
    <point id="PT_17" x="126" y="167" controllable="False" connectable="False" />
    <point id="PT_18" x="136" y="145" controllable="False" connectable="False" />
    <point id="PT_19" x="134" y="145" controllable="False" connectable="False" />
    <point id="PT_20" x="117" y="147" controllable="False" connectable="False" />
    <point id="PT_21" x="132" y="154" controllable="False" connectable="False" />
    <point id="PT_22" x="162" y="169" controllable="False" connectable="False" />
    <point id="PT_23" x="162" y="170" controllable="False" connectable="False" />
    <point id="PT_24" x="162" y="202" controllable="False" connectable="True" />
  </points>
  <drawings>
    <arc leftTop="PT_0" rightDown="PT_1" startPoint="PT_2" endPoint="PT_2" style="def" />
    <line startPoint="PT_3" endPoint="PT_4" style="def" />
    <line startPoint="PT_5" endPoint="PT_6" style="def" />
    <line startPoint="PT_7" endPoint="PT_8" style="def" />
    <line startPoint="PT_9" endPoint="PT_10" style="def" />
    <line startPoint="PT_11" endPoint="PT_12" style="def" />
    <line startPoint="PT_13" endPoint="PT_14" style="def" />
    <line startPoint="PT_15" endPoint="PT_16" style="def" />
    <line startPoint="PT_17" endPoint="PT_18" style="def" />
    <line startPoint="PT_19" endPoint="PT_20" style="def" />
    <line startPoint="PT_21" endPoint="PT_22" style="def" />
    <line startPoint="PT_23" endPoint="PT_24" style="def" />
  </drawings>
  <fillings />
  <styles>
    <drawingStyle id="def" red="0" green="0" blue="0" width="1" style="solid" />
  </styles>
</graphicTemplate>