<?xml version="1.0"?>
<graphicTemplate id="LED / Photo Diode" extScale="True" extRotate="True" extConnect="True" keepAspectRatio="True">
  <points>
    <point id="PT_0" x="28" y="59" controllable="False" connectable="False" />
    <point id="PT_1" x="194" y="225" controllable="False" connectable="False" />
    <point id="PT_2" x="111" y="225" controllable="False" connectable="False" />
    <point id="PT_3" x="0" y="146" controllable="False" connectable="True" />
    <point id="PT_4" x="84" y="146" controllable="False" connectable="False" />
    <point id="PT_5" x="85" y="123" controllable="False" connectable="False" />
    <point id="PT_6" x="85" y="169" controllable="False" connectable="False" />
    <point id="PT_7" x="86" y="168" controllable="False" connectable="False" />
    <point id="PT_8" x="127" y="146" controllable="False" connectable="False" />
    <point id="PT_9" x="127" y="145" controllable="False" connectable="False" />
    <point id="PT_10" x="86" y="123" controllable="False" connectable="False" />
    <point id="PT_11" x="129" y="146" controllable="False" connectable="False" />
    <point id="PT_12" x="220" y="146" controllable="False" connectable="True" />
    <point id="PT_13" x="128" y="119" controllable="False" connectable="False" />
    <point id="PT_14" x="128" y="170" controllable="False" connectable="False" />
    <point id="PT_15" x="144" y="53" controllable="False" connectable="False" />
    <point id="PT_16" x="190" y="7" controllable="False" connectable="False" />
    <point id="PT_17" x="192" y="89" controllable="False" connectable="False" />
    <point id="PT_18" x="241" y="40" controllable="False" connectable="False" />
    <point id="PT_19" x="186" y="4" controllable="False" connectable="False" />
    <point id="PT_20" x="194" y="10" controllable="False" connectable="False" />
    <point id="PT_21" x="194" y="10" controllable="False" connectable="False" />
    <point id="PT_22" x="198" y="0" controllable="False" connectable="False" />
    <point id="PT_23" x="198" y="0" controllable="False" connectable="False" />
    <point id="PT_24" x="187" y="4" controllable="False" connectable="False" />
    <point id="PT_25" x="237" y="36" controllable="False" connectable="False" />
    <point id="PT_26" x="245" y="44" controllable="False" connectable="False" />
    <point id="PT_27" x="245" y="44" controllable="False" connectable="False" />
    <point id="PT_28" x="249" y="33" controllable="False" connectable="False" />
    <point id="PT_29" x="237" y="35" controllable="False" connectable="False" />
    <point id="PT_30" x="249" y="31" controllable="False" connectable="False" />
  </points>
  <drawings>
    <arc leftTop="PT_0" rightDown="PT_1" startPoint="PT_2" endPoint="PT_2" style="def" />
    <line startPoint="PT_3" endPoint="PT_4" style="def" />
    <line startPoint="PT_5" endPoint="PT_6" style="def" />
    <line startPoint="PT_7" endPoint="PT_8" style="def" />
    <line startPoint="PT_9" endPoint="PT_10" style="def" />
    <line startPoint="PT_11" endPoint="PT_12" style="def" />
    <line startPoint="PT_13" endPoint="PT_14" style="def" />
    <line startPoint="PT_15" endPoint="PT_16" style="def" />
    <line startPoint="PT_17" endPoint="PT_18" style="def" />
    <line startPoint="PT_19" endPoint="PT_20" style="def" />
    <line startPoint="PT_21" endPoint="PT_22" style="def" />
    <line startPoint="PT_23" endPoint="PT_24" style="def" />
    <line startPoint="PT_25" endPoint="PT_26" style="def" />
    <line startPoint="PT_27" endPoint="PT_28" style="def" />
    <line startPoint="PT_29" endPoint="PT_30" style="def" />
  </drawings>
  <fillings />
  <styles>
    <drawingStyle id="def" red="0" green="0" blue="0" width="1" style="solid" />
  </styles>
</graphicTemplate>