<?xml version="1.0"?>
<graphicTemplate id="Junction" extScale="True" extRotate="True" extConnect="True" keepAspectRatio="True">
  <points>
    <point id="PT_0" x="22" y="21" controllable="False" connectable="False" />
    <point id="PT_1" x="188" y="187" controllable="False" connectable="False" />
    <point id="PT_2" x="105" y="187" controllable="False" connectable="False" />
    <point id="PT_3" x="0" y="107" controllable="False" connectable="True" />
    <point id="PT_4" x="36" y="107" controllable="False" connectable="False" />
    <point id="PT_5" x="36" y="107" controllable="False" connectable="False" />
    <point id="PT_6" x="57" y="89" controllable="False" connectable="False" />
    <point id="PT_7" x="57" y="89" controllable="False" connectable="False" />
    <point id="PT_8" x="57" y="119" controllable="False" connectable="False" />
    <point id="PT_9" x="37" y="107" controllable="False" connectable="False" />
    <point id="PT_10" x="57" y="118" controllable="False" connectable="False" />
    <point id="PT_11" x="57" y="107" controllable="False" connectable="False" />
    <point id="PT_12" x="72" y="107" controllable="False" connectable="False" />
    <point id="PT_15" x="75" y="73" controllable="False" connectable="False" />
    <point id="PT_16" x="144" y="73" controllable="False" connectable="False" />
    <point id="PT_17" x="144" y="73" controllable="False" connectable="False" />
    <point id="PT_18" x="144" y="0" controllable="False" connectable="True" />
    <point id="PT_19" x="74" y="141" controllable="False" connectable="False" />
    <point id="PT_20" x="140" y="141" controllable="False" connectable="False" />
    <point id="PT_21" x="140" y="141" controllable="False" connectable="False" />
    <point id="PT_22" x="140" y="207" controllable="False" connectable="True" />
    <point id="PT_23" x="73" y="49" controllable="False" connectable="False" />
    <point id="PT_24" x="73" y="162" controllable="False" connectable="False" />
  </points>
  <drawings>
    <arc leftTop="PT_0" rightDown="PT_1" startPoint="PT_2" endPoint="PT_2" style="def" />
    <line startPoint="PT_3" endPoint="PT_4" style="def" />
    <line startPoint="PT_5" endPoint="PT_6" style="def" />
    <line startPoint="PT_7" endPoint="PT_8" style="def" />
    <line startPoint="PT_9" endPoint="PT_10" style="def" />
    <line startPoint="PT_11" endPoint="PT_12" style="def" />
    <line startPoint="PT_15" endPoint="PT_16" style="def" />
    <line startPoint="PT_17" endPoint="PT_18" style="def" />
    <line startPoint="PT_19" endPoint="PT_20" style="def" />
    <line startPoint="PT_21" endPoint="PT_22" style="def" />
    <line startPoint="PT_23" endPoint="PT_24" style="def" />
  </drawings>
  <fillings />
  <styles>
    <drawingStyle id="def" red="0" green="0" blue="0" width="1" style="solid" />
  </styles>
</graphicTemplate>