<?xml version="1.0"?>
<graphicTemplate id="Darlington" extScale="True" extRotate="True" extConnect="True" keepAspectRatio="True">
  <points>
    <point id="PT_0" x="42" y="24" controllable="False" connectable="False" />
    <point id="PT_1" x="208" y="190" controllable="False" connectable="False" />
    <point id="PT_2" x="125" y="190" controllable="False" connectable="False" />
    <point id="PT_3" x="0" y="113" controllable="False" connectable="True" />
    <point id="PT_4" x="64" y="113" controllable="False" connectable="False" />
    <point id="PT_5" x="64" y="91" controllable="False" connectable="False" />
    <point id="PT_6" x="64" y="138" controllable="False" connectable="False" />
    <point id="PT_7" x="64" y="100" controllable="False" connectable="False" />
    <point id="PT_8" x="98" y="88" controllable="False" connectable="False" />
    <point id="PT_9" x="98" y="88" controllable="False" connectable="False" />
    <point id="PT_10" x="168" y="88" controllable="False" connectable="False" />
    <point id="PT_11" x="169" y="0" controllable="False" connectable="True" />
    <point id="PT_12" x="169" y="112" controllable="False" connectable="False" />
    <point id="PT_13" x="169" y="112" controllable="False" connectable="False" />
    <point id="PT_14" x="124" y="130" controllable="False" connectable="False" />
    <point id="PT_15" x="124" y="116" controllable="False" connectable="False" />
    <point id="PT_16" x="124" y="161" controllable="False" connectable="False" />
    <point id="PT_17" x="64" y="125" controllable="False" connectable="False" />
    <point id="PT_18" x="81" y="131" controllable="False" connectable="False" />
    <point id="PT_19" x="79" y="130" controllable="False" connectable="False" />
    <point id="PT_20" x="92" y="146" controllable="False" connectable="False" />
    <point id="PT_21" x="92" y="146" controllable="False" connectable="False" />
    <point id="PT_22" x="99" y="132" controllable="False" connectable="False" />
    <point id="PT_23" x="99" y="131" controllable="False" connectable="False" />
    <point id="PT_24" x="80" y="131" controllable="False" connectable="False" />
    <point id="PT_27" x="110" y="141" controllable="False" connectable="False" />
    <point id="PT_28" x="124" y="141" controllable="False" connectable="False" />
    <point id="PT_29" x="96" y="138" controllable="False" connectable="False" />
    <point id="PT_30" x="109" y="141" controllable="False" connectable="False" />
    <point id="PT_31" x="125" y="157" controllable="False" connectable="False" />
    <point id="PT_32" x="137" y="160" controllable="False" connectable="False" />
    <point id="PT_33" x="137" y="160" controllable="False" connectable="False" />
    <point id="PT_34" x="155" y="157" controllable="False" connectable="False" />
    <point id="PT_35" x="136" y="160" controllable="False" connectable="False" />
    <point id="PT_36" x="152" y="174" controllable="False" connectable="False" />
    <point id="PT_37" x="152" y="174" controllable="False" connectable="False" />
    <point id="PT_38" x="156" y="158" controllable="False" connectable="False" />
    <point id="PT_39" x="155" y="163" controllable="False" connectable="False" />
    <point id="PT_40" x="169" y="170" controllable="False" connectable="False" />
    <point id="PT_41" x="169" y="170" controllable="False" connectable="False" />
    <point id="PT_42" x="169" y="207" controllable="False" connectable="True" />
  </points>
  <drawings>
    <arc leftTop="PT_0" rightDown="PT_1" startPoint="PT_2" endPoint="PT_2" style="def" />
    <line startPoint="PT_3" endPoint="PT_4" style="def" />
    <line startPoint="PT_5" endPoint="PT_6" style="def" />
    <line startPoint="PT_7" endPoint="PT_8" style="def" />
    <line startPoint="PT_9" endPoint="PT_10" style="def" />
    <line startPoint="PT_11" endPoint="PT_12" style="def" />
    <line startPoint="PT_13" endPoint="PT_14" style="def" />
    <line startPoint="PT_15" endPoint="PT_16" style="def" />
    <line startPoint="PT_17" endPoint="PT_18" style="def" />
    <line startPoint="PT_19" endPoint="PT_20" style="def" />
    <line startPoint="PT_21" endPoint="PT_22" style="def" />
    <line startPoint="PT_23" endPoint="PT_24" style="def" />
    <line startPoint="PT_27" endPoint="PT_28" style="def" />
    <line startPoint="PT_29" endPoint="PT_30" style="def" />
    <line startPoint="PT_31" endPoint="PT_32" style="def" />
    <line startPoint="PT_33" endPoint="PT_34" style="def" />
    <line startPoint="PT_35" endPoint="PT_36" style="def" />
    <line startPoint="PT_37" endPoint="PT_38" style="def" />
    <line startPoint="PT_39" endPoint="PT_40" style="def" />
    <line startPoint="PT_41" endPoint="PT_42" style="def" />
  </drawings>
  <fillings />
  <styles>
    <drawingStyle id="def" red="0" green="0" blue="0" width="1" style="solid" />
  </styles>
</graphicTemplate>