<?xml version="1.0"?>
<graphicTemplate id="Tube Diode" extScale="True" extRotate="True" extConnect="True" keepAspectRatio="True">
  <points>
    <point id="PT_0" x="0" y="21" controllable="False" connectable="False" />
    <point id="PT_1" x="166" y="187" controllable="False" connectable="False" />
    <point id="PT_2" x="83" y="187" controllable="False" connectable="False" />
    <point id="PT_3" x="86" y="0" controllable="False" connectable="True" />
    <point id="PT_4" x="86" y="57" controllable="False" connectable="False" />
    <point id="PT_5" x="42" y="57" controllable="False" connectable="False" />
    <point id="PT_6" x="130" y="57" controllable="False" connectable="False" />
    <point id="PT_13" x="65" y="185" controllable="False" connectable="False" />
    <point id="PT_14" x="85" y="165" controllable="False" connectable="False" />
    <point id="PT_15" x="86" y="166" controllable="False" connectable="False" />
    <point id="PT_16" x="105" y="185" controllable="False" connectable="False" />
    <point id="PT_17" x="65" y="183" controllable="False" connectable="False" />
    <point id="PT_18" x="65" y="216" controllable="False" connectable="True" />
    <point id="PT_19" x="105" y="185" controllable="False" connectable="False" />
    <point id="PT_20" x="105" y="217" controllable="False" connectable="True" />
  </points>
  <drawings>
    <arc leftTop="PT_0" rightDown="PT_1" startPoint="PT_2" endPoint="PT_2" style="def" />
    <line startPoint="PT_3" endPoint="PT_4" style="def" />
    <line startPoint="PT_5" endPoint="PT_6" style="sty1" />
    <line startPoint="PT_13" endPoint="PT_14" style="def" />
    <line startPoint="PT_15" endPoint="PT_16" style="def" />
    <line startPoint="PT_17" endPoint="PT_18" style="def" />
    <line startPoint="PT_19" endPoint="PT_20" style="def" />
  </drawings>
  <fillings />
  <styles>
    <drawingStyle id="def" red="0" green="0" blue="0" width="1" style="solid" />
    <drawingStyle id="def" red="0" green="0" blue="0" width="1" style="solid" />
    <drawingStyle id="sty0" red="0" green="0" blue="0" width="1" style="solid" />
    <drawingStyle id="sty1" red="0" green="0" blue="0" width="4" style="solid" />
  </styles>
</graphicTemplate>