<?xml version="1.0"?>
<graphicTemplate id="Turn-off Triode" extScale="True" extRotate="True" extConnect="True" keepAspectRatio="True">
  <points>
    <point id="PT_3" x="0" y="26" controllable="False" connectable="True" />
    <point id="PT_4" x="170" y="26" controllable="False" connectable="True" />
    <point id="PT_5" x="60" y="4" controllable="False" connectable="False" />
    <point id="PT_6" x="60" y="50" controllable="False" connectable="False" />
    <point id="PT_7" x="60" y="49" controllable="False" connectable="False" />
    <point id="PT_8" x="101" y="27" controllable="False" connectable="False" />
    <point id="PT_9" x="102" y="26" controllable="False" connectable="False" />
    <point id="PT_10" x="61" y="4" controllable="False" connectable="False" />
    <point id="PT_13" x="103" y="0" controllable="False" connectable="False" />
    <point id="PT_14" x="103" y="51" controllable="False" connectable="False" />
    <point id="PT_17" x="81" y="37" controllable="False" connectable="False" />
    <point id="PT_18" x="81" y="132" controllable="False" connectable="True" />
    <point id="PT_19" x="73" y="64" controllable="False" connectable="False" />
    <point id="PT_20" x="88" y="64" controllable="False" connectable="False" />
  </points>
  <drawings>
    <line startPoint="PT_3" endPoint="PT_4" style="def" />
    <line startPoint="PT_5" endPoint="PT_6" style="def" />
    <line startPoint="PT_7" endPoint="PT_8" style="def" />
    <line startPoint="PT_9" endPoint="PT_10" style="def" />
    <line startPoint="PT_13" endPoint="PT_14" style="def" />
    <line startPoint="PT_17" endPoint="PT_18" style="def" />
    <line startPoint="PT_19" endPoint="PT_20" style="def" />
  </drawings>
  <fillings />
  <styles>
    <drawingStyle id="def" red="0" green="0" blue="0" width="1" style="solid" />
  </styles>
</graphicTemplate>