<?xml version="1.0"?>
<graphicTemplate id="Benzen_ring" extScale="True" extRotate="True" extConnect="False" keepAspectRatio="True">
  <points>
    <point id="PT_1" x="0" y="20" controllable="False" connectable="true" />
    <point id="PT_2" x="0" y="50" controllable="False" connectable="true" />
    <point id="PT_3" x="50" y="20" controllable="False" connectable="true" />
    <point id="PT_4" x="50" y="50" controllable="False" connectable="true" />
    <point id="PT_5" x="25" y="5" controllable="False" connectable="true" />
    <point id="PT_6" x="25" y="65" controllable="False" connectable="true" />

    <point id="PT_7" x="25" y="12.5" controllable="False" connectable="false" />
    <point id="PT_8" x="7" y="23" controllable="False" connectable="false" />
    <point id="PT_9" x="25" y="57.5" controllable="False" connectable="false" />
    <point id="PT_10" x="7" y="47" controllable="False" connectable="false" />
    <point id="PT_11" x="42.5" y="25" controllable="False" connectable="false" />
    <point id="PT_12" x="42.5" y="45" controllable="False" connectable="false" />
    
  </points>
  <drawings>
    <line startPoint="PT_1" endPoint="PT_2" style="def" />
    <line startPoint="PT_3" endPoint="PT_4" style="def" />
    <line startPoint="PT_1" endPoint="PT_5" style="def" />
    <line startPoint="PT_3" endPoint="PT_5" style="def" />
    <line startPoint="PT_2" endPoint="PT_6" style="def" />
    <line startPoint="PT_4" endPoint="PT_6" style="def" />
    <line startPoint="PT_7" endPoint="PT_8" style="def" />
    <line startPoint="PT_9" endPoint="PT_10" style="def" />
    <line startPoint="PT_11" endPoint="PT_12" style="def" />
  </drawings>
  <fillings />
  <styles>
    <drawingStyle id="def" red="0" green="0" blue="0" width="1" style="solid" />
  </styles>
  <attribute>
    <variable id="info" name="Benzen_ring" sname="Bring" bone_number="6" show="sname"/>
    <variable id="element" node="1" point="PT_1" element="C" use="0"  used="4"/>
    <variable id="element" node="2" point="PT_2" element="C" use="0"  used="4"/>
    <variable id="element" node="3" point="PT_3" element="C" use="0"  used="4"/>
    <variable id="element" node="4" point="PT_4" element="C" use="0"  used="4"/>
    <variable id="element" node="5" point="PT_5" element="C" use="0"  used="4"/>
    <variable id="element" node="6" point="PT_6" element="C" use="0"  used="4"/>

    <variable id="element" node="11" point="PT_1" element="H" use="0"  used="1"/>
    <variable id="element" node="12" point="PT_2" element="H" use="0"  used="1"/>
    <variable id="element" node="13" point="PT_3" element="H" use="0"  used="1"/>
    <variable id="element" node="14" point="PT_4" element="H" use="0"  used="1"/>
    <variable id="element" node="15" point="PT_5" element="H" use="0"  used="1"/>
    <variable id="element" node="16" point="PT_6" element="H" use="0"  used="1"/>
    
    <variable id="connect" start_node="1" end_node="2" bone_number="2"/>
    <variable id="connect" start_node="2" end_node="3" bone_number="1"/>
    <variable id="connect" start_node="3" end_node="4" bone_number="2"/>
    <variable id="connect" start_node="4" end_node="5" bone_number="1"/>
    <variable id="connect" start_node="5" end_node="6" bone_number="2"/>
    <variable id="connect" start_node="6" end_node="1" bone_number="1"/>

    <variable id="connect" start_node="1" end_node="11" bone_number="1"/>
    <variable id="connect" start_node="2" end_node="12" bone_number="1"/>
    <variable id="connect" start_node="3" end_node="13" bone_number="1"/>
    <variable id="connect" start_node="4" end_node="14" bone_number="1"/>
    <variable id="connect" start_node="5" end_node="15" bone_number="1"/>
    <variable id="connect" start_node="6" end_node="16" bone_number="1"/>

  </attribute>
  <restrictions>
    <rules type ="connect_notallow" point=".self" value="-" />
    <rules type ="connect_max"    point="-" value="6"/>
    <rules type ="connect_point"  point="PT_1" value="1" />
    <rules type ="connect_point"  point="PT_2" value="1" />
    <rules type ="connect_point"  point="PT_3" value="1" />
    <rules type ="connect_point"  point="PT_4" value="1" />
    <rules type ="connect_point"  point="PT_5" value="1" />
    <rules type ="connect_point"  point="PT_6" value="1" />
  </restrictions>
</graphicTemplate>