<?xml version="1.0"?>
<graphicTemplate id="Carbon" extScale="True" extRotate="True" extConnect="False" keepAspectRatio="True">
  <points>
    <point id="PT_21" x="0" y="0" controllable="False" connectable="true" />
    <point id="PT_22" x="40" y="0" controllable="False" connectable="true" />
    <point id="PT_23" x="0" y="40" controllable="False" connectable="true" />
    <point id="PT_24" x="40" y="40" controllable="False" connectable="true" />
    <point id="PT_25" x="20" y="0" controllable="False" connectable="true" />
    <point id="PT_26" x="20" y="40" controllable="False" connectable="true" />
    <point id="PT_27" x="0" y="20" controllable="False" connectable="true" />
    <point id="PT_28" x="40" y="20" controllable="False" connectable="true" />

    <point id="PT_0" x="5" y="5" controllable="False" connectable="false" />
    <point id="PT_1" x="35" y="35" controllable="False" connectable="false" />
    <point id="PT_2" x="20" y="5" controllable="False" connectable="false" />
    <point id="PT_3" x="20" y="35" controllable="False" connectable="false" />
    
    <point id="PT_4" x="28" y="8.8" controllable="False" connectable="false" />
    <point id="PT_5" x="28" y="28.2" controllable="False" connectable="false" />
  </points>
  <drawings>
    <arc leftTop="PT_0" rightDown="PT_1" startPoint="PT_3" endPoint="PT_2" style="def" />
    <arc leftTop="PT_0" rightDown="PT_1" startPoint="PT_2" endPoint="PT_4" style="def" />
    <arc leftTop="PT_0" rightDown="PT_1" startPoint="PT_5" endPoint="PT_2" style="def" />
  </drawings>
  <fillings />
  <styles>
    <drawingStyle id="def" red="0" green="0" blue="0" width="1" style="solid" />
  </styles>
  <attribute>
    <variable id="info" name="Carbon" sname="C" bone_number="4"/>
    <variable id="element" node="1" point="ALL" element="C" use="4"  used="0"/>
  </attribute>
  <restrictions>
    <rules type ="connect_notallow" point=".self" value="-" />
    <rules type ="connect_max"    point="-" value="4"/>
  </restrictions>
</graphicTemplate>