<?xml version="1.0"?>
<graphicTemplate id="Connection" extScale="false" extRotate="True" extConnect="False" keepAspectRatio="false">
  <points>
    <point id="PT_21" x="0" y="0" controllable="False" connectable="false" />
    <point id="PT_22" x="10" y="0" controllable="False" connectable="false" />
    <point id="PT_23" x="0" y="10" controllable="False" connectable="false" />
    <point id="PT_24" x="10" y="10" controllable="False" connectable="false" />

    <point id="PT_5" x="5" y="5" controllable="False" connectable="true" />
  </points>
  <drawings>

    <line startPoint="PT_5" endPoint="PT_5" style="def" />
  </drawings>
  <fillings />
  <styles>
    <drawingStyle id="def" red="0" green="0" blue="0" width="3" style="solid" />
  </styles>
  <attribute>
    <variable id="info" name="-" sname="-" bone_number="0"/>
  </attribute>
  <restrictions>
    <rules type ="connect_notallow" point=".self" value="-" />
  </restrictions>
</graphicTemplate>