<?xml version="1.0"?>
<graphicTemplate id="H2N" extScale="True" extRotate="True" extConnect="False" keepAspectRatio="True">
  <points>
    <!-- Connect point -->
    <point id="PT_21" x="0" y="0" controllable="False" connectable="true" />
    <point id="PT_22" x="110" y="0" controllable="False" connectable="true" />
    <point id="PT_23" x="0" y="40" controllable="False" connectable="true" />
    <point id="PT_24" x="110" y="40" controllable="False" connectable="true" />
    <!--H -->
    <point id="PT_3" x="10" y="5" controllable="False" connectable="false" />
    <point id="PT_4" x="10" y="35" controllable="False" connectable="false" />
    <point id="PT_5" x="40" y="5" controllable="False" connectable="false" />
    <point id="PT_6" x="40" y="35" controllable="False" connectable="false" />
    <point id="PT_7" x="10" y="20" controllable="False" connectable="false" />
    <point id="PT_8" x="40" y="20" controllable="False" connectable="false" />
    <!--N -->
    <point id="PT_11" x="65" y="5" controllable="False" connectable="False" />
    <point id="PT_12" x="65" y="35" controllable="False" connectable="False" />
    <point id="PT_13" x="95" y="5" controllable="False" connectable="False" />
    <point id="PT_14" x="95" y="35" controllable="False" connectable="False" />
    <!--small number 2 beside H-->
    <point id="PT_41" x="50" y="30" controllable="False" connectable="false" />
    <point id="PT_42" x="60" y="30" controllable="False" connectable="false" />
    <point id="PT_43" x="60" y="35" controllable="False" connectable="false" />
    <point id="PT_44" x="50" y="35" controllable="False" connectable="false" />
    <point id="PT_45" x="50" y="40" controllable="False" connectable="false" />
    <point id="PT_46" x="60" y="40" controllable="False" connectable="false" />
    
  </points>
  <drawings>
    <!-- H connection -->
    <line startPoint="PT_3" endPoint="PT_4" style="def" />
    <line startPoint="PT_5" endPoint="PT_6" style="def" />
    <line startPoint="PT_7" endPoint="PT_8" style="def" />
    <!-- N connection -->
    <line startPoint="PT_11" endPoint="PT_12" style="def" />
    <line startPoint="PT_13" endPoint="PT_14" style="def" />
    <line startPoint="PT_11" endPoint="PT_14" style="def" />
    <!-- small number 2 connection -->
    <line startPoint="PT_41" endPoint="PT_42" style="def" />
    <line startPoint="PT_42" endPoint="PT_43" style="def" />
    <line startPoint="PT_43" endPoint="PT_44" style="def" />
    <line startPoint="PT_44" endPoint="PT_45" style="def" />
    <line startPoint="PT_45" endPoint="PT_46" style="def" />
    
  </drawings>
  <fillings />
  <styles>
    <drawingStyle id="def" red="0" green="0" blue="0" width="1" style="solid" />
  </styles>
  <attribute>
    <variable id="info" name="H2N" sname="H2N" bone_number="1"/>
    <variable id="element" node="1" point="All" element="N" use="1"  used="2"/>
    <variable id="element" node="2" point="All" element="H" use="0"  used="1"/>
    <variable id="element" node="3" point="All" element="H" use="0"  used="1"/>
    <variable id="connect" start_node="1" end_node="2" bone_number="1"/>
    <variable id="connect" start_node="1" end_node="3" bone_number="1"/>
  </attribute>
  <restrictions>
    <rules type ="connect_notallow" point=".self" value="-" />
    <rules type ="connect_max"    point="-" value="1"/>
  </restrictions>
</graphicTemplate>