<?xml version="1.0"?>
<graphicTemplate id="Hydroxyl" extScale="True" extRotate="True" extConnect="False" keepAspectRatio="True">
  <points>
    <point id="PT_21" x="0" y="0" controllable="False" connectable="true" />
    <point id="PT_22" x="90" y="0" controllable="False" connectable="true" />
    <point id="PT_23" x="0" y="40" controllable="False" connectable="true" />
    <point id="PT_24" x="90" y="40" controllable="False" connectable="true" />
    
    <point id="PT_0" x="5" y="5" controllable="False" connectable="false" />
    <point id="PT_1" x="35" y="35" controllable="False" connectable="false" />
    <point id="PT_2" x="5" y="5" controllable="False" connectable="false" />
    
    <point id="PT_3" x="50" y="5" controllable="False" connectable="false" />
    <point id="PT_4" x="50" y="35" controllable="False" connectable="false" />
    <point id="PT_5" x="80" y="5" controllable="False" connectable="false" />
    <point id="PT_6" x="80" y="35" controllable="False" connectable="false" />
    <point id="PT_7" x="50" y="20" controllable="False" connectable="false" />
    <point id="PT_8" x="80" y="20" controllable="False" connectable="false" />
  </points>
  <drawings>
    <line startPoint="PT_3" endPoint="PT_4" style="def" />
    <line startPoint="PT_5" endPoint="PT_6" style="def" />
    <line startPoint="PT_7" endPoint="PT_8" style="def" />
    <arc leftTop="PT_1" rightDown="PT_2" startPoint="PT_2" endPoint="PT_2" style="def" />
  </drawings>
  <fillings />
  <styles>
    <drawingStyle id="def" red="0" green="0" blue="0" width="1" style="solid" />
  </styles>
  <attribute>
    <variable id="info" name="Hydroxyl" sname="OH" bone_number="1"/>
    <variable id="element" node="1" point="All" element="O" use="1"  used="1"/>
    <variable id="element" node="2" point="All" element="H" use="0"  used="1"/>
    <variable id="connect" start_node="1" end_node="2" bone_number="1"/>
  </attribute>
  <restrictions>
    <rules type ="connect_notallow" point=".self" value="-" />
    <rules type ="connect_max"    point="-" value="1"/>
  </restrictions>
</graphicTemplate>