<?xml version="1.0"?>
<graphicTemplate id="Imino_group" extScale="True" extRotate="True" extConnect="False" keepAspectRatio="True">
  <points>
    <point id="PT_21" x="0" y="0" controllable="False" connectable="true" />
    <point id="PT_22" x="90" y="0" controllable="False" connectable="true" />
    <point id="PT_23" x="0" y="40" controllable="False" connectable="true" />
    <point id="PT_24" x="90" y="40" controllable="False" connectable="true" />

    <point id="PT_0" x="10" y="5" controllable="False" connectable="False" />
    <point id="PT_1" x="10" y="35" controllable="False" connectable="False" />
    <point id="PT_2" x="30" y="5" controllable="False" connectable="False" />
    <point id="PT_3" x="30" y="35" controllable="False" connectable="False" />
    
    <point id="PT_4" x="50" y="5" controllable="False" connectable="false" />
    <point id="PT_5" x="50" y="35" controllable="False" connectable="false" />
    <point id="PT_6" x="80" y="5" controllable="False" connectable="false" />
    <point id="PT_7" x="80" y="35" controllable="False" connectable="false" />
    <point id="PT_8" x="50" y="20" controllable="False" connectable="false" />
    <point id="PT_9" x="80" y="20" controllable="False" connectable="false" />
  </points>
  <drawings>
    <line startPoint="PT_0" endPoint="PT_1" style="def" />
    <line startPoint="PT_2" endPoint="PT_3" style="def" />
    <line startPoint="PT_0" endPoint="PT_3" style="def" />
    <line startPoint="PT_4" endPoint="PT_5" style="def" />
    <line startPoint="PT_6" endPoint="PT_7" style="def" />
    <line startPoint="PT_8" endPoint="PT_9" style="def" />
  </drawings>
  <fillings />
  <styles>
    <drawingStyle id="def" red="0" green="0" blue="0" width="1" style="solid" />
  </styles>
  <attribute>

    <variable id="info" name="Imino_group" sname="NH" bone_number="2"/>
    <variable id="element" node="1" point="All" element="N" use="2"  used="1"/>
    <variable id="element" node="2" point="All" element="H" use="0"  used="1"/>
    <variable id="connect" start_node="1" end_node="2" bone_number="1"/>
  </attribute>
  <restrictions>
    <rules type ="connect_notallow" point=".self" value="-" />
    <rules type ="connect_max"    point="-" value="2"/>
  </restrictions>
</graphicTemplate>