<?xml version="1.0"?>
<graphicTemplate id="Oxygen" extScale="True" extRotate="True" extConnect="False" keepAspectRatio="True">
  <points>
    <point id="PT_21" x="0" y="0" controllable="False" connectable="true" />
    <point id="PT_22" x="40" y="0" controllable="False" connectable="true" />
    <point id="PT_23" x="0" y="40" controllable="False" connectable="true" />
    <point id="PT_24" x="40" y="40" controllable="False" connectable="true" />
    <point id="PT_25" x="20" y="0" controllable="False" connectable="true" />
    <point id="PT_26" x="20" y="40" controllable="False" connectable="true" />
    <point id="PT_27" x="0" y="20" controllable="False" connectable="true" />
    <point id="PT_28" x="40" y="20" controllable="False" connectable="true" />
    
    <point id="PT_0" x="5" y="5" controllable="False" connectable="false" />
    <point id="PT_1" x="35" y="35" controllable="False" connectable="false" />
    <point id="PT_2" x="5" y="5" controllable="False" connectable="false" />
  </points>
  <drawings>
    <arc leftTop="PT_1" rightDown="PT_2" startPoint="PT_2" endPoint="PT_2" style="def" />
  </drawings>
  <fillings />
  <styles>
    <drawingStyle id="def" red="0" green="0" blue="0" width="1" style="solid" />
  </styles>
  <attribute>
    <variable id="info" name="Oxygen" sname="O" bone_number="2" show="sname"/>
    <variable id="element" node="1" point="ALL"  element="O" use="2"  used="0"/>
  </attribute>
  <restrictions>
    <rules type ="connect_notallow" point=".self" value="-" />
    <rules type ="connect_max"    point="-" value="2"/>
  </restrictions>
</graphicTemplate>