<?xml version="1.0"?>
<graphicTemplate id="Sulfur" extScale="True" extRotate="True" extConnect="False" keepAspectRatio="True">
  <points>

    <point id="PT_21" x="0" y="0" controllable="False" connectable="true" />
    <point id="PT_22" x="60" y="0" controllable="False" connectable="true" />
    <point id="PT_23" x="0" y="100" controllable="False" connectable="true" />
    <point id="PT_24" x="60" y="100" controllable="False" connectable="true" />

    <point id="PT_0" x="0" y="0" controllable="False" connectable="false" />
    <point id="PT_1" x="50" y="50" controllable="False" connectable="false" />
    <point id="PT_2" x="24" y="48" controllable="False" connectable="false" />
    <point id="PT_3" x="50" y="25" controllable="False" connectable="false" />
    
    <point id="PT_4" x="0" y="50" controllable="False" connectable="false" />
    <point id="PT_5" x="50" y="100" controllable="False" connectable="false" />
    <point id="PT_6" x="26" y="52" controllable="False" connectable="False" />
    <point id="PT_7" x="0" y="75" controllable="False" connectable="False" />
  </points>
  <drawings>
    <arc leftTop="PT_0" rightDown="PT_1" startPoint="PT_2" endPoint="PT_3" style="def" />
    <line startPoint="PT_2" endPoint="PT_6" style="def" />
    <arc leftTop="PT_4" rightDown="PT_5" startPoint="PT_6" endPoint="PT_7" style="def" />
  </drawings>
  <fillings />
  <styles>
    <drawingStyle id="def" red="0" green="0" blue="0" width="1" style="solid" />
  </styles>
  <attribute>
      <variable id="info" name="Sulfur" sname="S" bone_number="2"/>
      <variable id="element" node="1" point="ALL"  element="S" use="2"  used="0"/>
  </attribute>
  <restrictions>
    <rules type ="connect_notallow" point=".self" value="-" />
    <rules type ="connect_max"    point="-" value="2"/>
  </restrictions>
</graphicTemplate>