<?xml version="1.0"?>
<graphicTemplate id="Capacitor" extScale="True" extRotate="True" extConnect="False" keepAspectRatio="True">
  <points>
    <point id="PT_0" x="0" y="29" controllable="False" connectable="True" />
    <point id="PT_1" x="36" y="29" controllable="False" connectable="False" />
    <point id="PT_2" x="37" y="0" controllable="False" connectable="False" />
    <point id="PT_3" x="37" y="58" controllable="False" connectable="False" />
    <point id="PT_4" x="64" y="0" controllable="False" connectable="False" />
    <point id="PT_5" x="64" y="58" controllable="False" connectable="False" />
    <point id="PT_6" x="64" y="29" controllable="False" connectable="False" />
    <point id="PT_7" x="103" y="29" controllable="False" connectable="True" />
  </points>
  <drawings>
    <line startPoint="PT_0" endPoint="PT_1" style="def" />
    <line startPoint="PT_2" endPoint="PT_3" style="def" />
    <line startPoint="PT_4" endPoint="PT_5" style="def" />
    <line startPoint="PT_6" endPoint="PT_7" style="def" />
  </drawings>
  <fillings />
  <styles>
    <drawingStyle id="def" red="0" green="0" blue="0" width="1" style="solid" />
  </styles>
  <attribute>
    <variable id="info" name ="Capacitor" sname="Cap" capacitance="100" unit="F"  modify="sname,capacitance" show="sname,=,capacitance,unit" />
  </attribute>
</graphicTemplate>