<?xml version="1.0"?>
<graphicTemplate id="Csource" extScale="True" extRotate="True" extConnect="False" keepAspectRatio="True">
  <points>
    <point id="PT_0" x="0" y="0" controllable="False" connectable="False" />
    <point id="PT_1" x="195" y="199" controllable="False" connectable="False" />
    <point id="PT_2" x="97" y="199" controllable="False" connectable="False" />
    <point id="PT_3" x="95" y="31" controllable="False" connectable="False" />
    <point id="PT_4" x="95" y="172" controllable="False" connectable="False" />
    <point id="PT_5" x="95" y="30" controllable="False" connectable="False" />
    <point id="PT_6" x="67" y="58" controllable="False" connectable="False" />
    <point id="PT_7" x="96" y="30" controllable="False" connectable="False" />
    <point id="PT_8" x="123" y="57" controllable="False" connectable="False" />
    <point id="PT_9" x="95" y="1" controllable="True" connectable="True">
      <onPositionChange editingMode="default" />
    </point>
    <point id="PT_10" x="95" y="198" controllable="True" connectable="True">
      <onPositionChange editingMode="default" />
    </point>
  </points>
  <drawings>
    <arc leftTop="PT_0" rightDown="PT_1" startPoint="PT_2" endPoint="PT_2" style="def" />
    <line startPoint="PT_3" endPoint="PT_4" style="def" />
    <line startPoint="PT_5" endPoint="PT_6" style="def" />
    <line startPoint="PT_7" endPoint="PT_8" style="def" />
  </drawings>
  <fillings />
  <styles>
    <drawingStyle id="def" red="0" green="0" blue="0" width="1" style="solid" />
  </styles>
  <attribute>
    <variable id="current" value="10" unit="-"  main="yes" edit="yes" show="yes" />
  </attribute>
</graphicTemplate>