<?xml version="1.0"?>
<graphicTemplate id="Ground" extScale="True" extRotate="True" extConnect="False" keepAspectRatio="True">
  <points>
    <point id="PT_2" x="99" y="98" controllable="False" connectable="False" />
    <point id="PT_3" x="99" y="0" controllable="False" connectable="True" />
    <point id="PT_4" x="0" y="99" controllable="False" connectable="False" />
    <point id="PT_5" x="202" y="99" controllable="False" connectable="False" />
    <point id="PT_6" x="47" y="143" controllable="False" connectable="False" />
    <point id="PT_7" x="149" y="143" controllable="False" connectable="False" />
    <point id="PT_8" x="73" y="179" controllable="False" connectable="False" />
    <point id="PT_9" x="123" y="179" controllable="False" connectable="False" />
  </points>
  <drawings>
    <line startPoint="PT_2" endPoint="PT_3" style="def" />
    <line startPoint="PT_4" endPoint="PT_5" style="def" />
    <line startPoint="PT_6" endPoint="PT_7" style="def" />
    <line startPoint="PT_8" endPoint="PT_9" style="def" />
  </drawings>
  <fillings />
  <styles>
    <drawingStyle id="def" red="0" green="0" blue="0" width="1" style="solid" />
  </styles>
</graphicTemplate>