<?xml version="1.0"?>
<graphicTemplate id="Inductor" extScale="True" extRotate="True" extConnect="False" keepAspectRatio="True">
  <points>
    <point id="PT_0" x="0" y="0" controllable="False" connectable="False" />
    <point id="PT_1" x="57" y="57" controllable="False" connectable="False" />
    <point id="PT_2" x="1" y="29" controllable="False" connectable="False" />
    <point id="PT_3" x="57" y="30" controllable="False" connectable="False" />
    <point id="PT_4" x="57" y="1" controllable="False" connectable="False" />
    <point id="PT_5" x="113" y="57" controllable="False" connectable="False" />
    <point id="PT_7" x="114" y="30" controllable="False" connectable="False" />
    <point id="PT_8" x="113" y="0" controllable="False" connectable="False" />
    <point id="PT_9" x="170" y="57" controllable="False" connectable="False" />
    <point id="PT_11" x="172" y="30" controllable="False" connectable="False" />
    <point id="PT_12" x="171" y="0" controllable="False" connectable="False" />
    <point id="PT_13" x="228" y="57" controllable="False" connectable="False" />
    <point id="PT_15" x="227" y="31" controllable="False" connectable="False" />
    <point id="PT_17" x="1" y="113" controllable="False" connectable="True" />
    <point id="PT_19" x="227" y="115" controllable="False" connectable="True" />
  </points>
  <drawings>
    <arc leftTop="PT_0" rightDown="PT_1" startPoint="PT_2" endPoint="PT_3" style="def" />
    <arc leftTop="PT_4" rightDown="PT_5" startPoint="PT_3" endPoint="PT_7" style="def" />
    <arc leftTop="PT_8" rightDown="PT_9" startPoint="PT_7" endPoint="PT_11" style="def" />
    <arc leftTop="PT_12" rightDown="PT_13" startPoint="PT_11" endPoint="PT_15" style="def" />
    <line startPoint="PT_2" endPoint="PT_17" style="def" />
    <line startPoint="PT_15" endPoint="PT_19" style="def" />
  </drawings>
  <fillings />
  <styles>
    <drawingStyle id="def" red="0" green="0" blue="0" width="1" style="solid" />
  </styles>
  <attribute>
    <variable id="info" name ="Inductor" sname="Ind" inductance="100" modify="sname,inductance" show="sname,=,inductance,unit"/>
  </attribute>
</graphicTemplate>