<?xml version="1.0"?>
<graphicTemplate id="JFET" extScale="True" extRotate="True" extConnect="False" keepAspectRatio="True">
  <points>
    <point id="PT_0" x="45" y="32" controllable="False" connectable="False" />
    <point id="PT_1" x="227" y="212" controllable="False" connectable="False" />
    <point id="PT_2" x="136" y="212" controllable="False" connectable="False" />
    <point id="PT_3" x="0" y="124" controllable="False" connectable="True" />
    <point id="PT_4" x="106" y="124" controllable="False" connectable="False" />
    <point id="PT_7" x="105" y="124" controllable="False" connectable="False" />
    <point id="PT_8" x="85" y="144" controllable="False" connectable="False" />
    <point id="PT_9" x="105" y="123" controllable="False" connectable="False" />
    <point id="PT_10" x="84" y="102" controllable="False" connectable="False" />
    <point id="PT_11" x="107" y="47" controllable="False" connectable="False" />
    <point id="PT_12" x="107" y="198" controllable="False" connectable="False" />
    <point id="PT_13" x="108" y="79" controllable="False" connectable="False" />
    <point id="PT_14" x="172" y="79" controllable="False" connectable="False" />
    <point id="PT_15" x="172" y="79" controllable="False" connectable="False" />
    <point id="PT_16" x="172" y="0" controllable="False" connectable="True" />
    <point id="PT_17" x="107" y="165" controllable="False" connectable="False" />
    <point id="PT_18" x="172" y="165" controllable="False" connectable="False" />
    <point id="PT_19" x="172" y="165" controllable="False" connectable="False" />
    <point id="PT_20" x="172" y="249" controllable="False" connectable="True" />
  </points>
  <drawings>
    <arc leftTop="PT_0" rightDown="PT_1" startPoint="PT_2" endPoint="PT_2" style="def" />
    <line startPoint="PT_3" endPoint="PT_4" style="def" />
    <line startPoint="PT_7" endPoint="PT_8" style="def" />
    <line startPoint="PT_9" endPoint="PT_10" style="def" />
    <line startPoint="PT_11" endPoint="PT_12" style="def" />
    <line startPoint="PT_13" endPoint="PT_14" style="def" />
    <line startPoint="PT_15" endPoint="PT_16" style="def" />
    <line startPoint="PT_17" endPoint="PT_18" style="def" />
    <line startPoint="PT_19" endPoint="PT_20" style="def" />
  </drawings>
  <fillings />
  <styles>
    <drawingStyle id="def" red="0" green="0" blue="0" width="1" style="solid" />
  </styles>
  <attribute>
    <variable id="info" name ="JFET" sname="JFET" modalName="-" modify="sname,modalName" show="sname,=,modalName"/>
  </attribute>
</graphicTemplate>