<?xml version="1.0"?>
<graphicTemplate id="Resistor" extScale="True" extRotate="True" extConnect="False" keepAspectRatio="True">
  <points>
    <point id="PT_0" x="37" y="0" controllable="False" connectable="False" />
    <point id="PT_1" x="37" y="21" controllable="False" connectable="False" />
    <point id="PT_2" x="37" y="21" controllable="False" connectable="False" />
    <point id="PT_3" x="118" y="21" controllable="False" connectable="False" />
    <point id="PT_4" x="118" y="21" controllable="False" connectable="False" />
    <point id="PT_5" x="118" y="0" controllable="False" connectable="False" />
    <point id="PT_6" x="118" y="0" controllable="False" connectable="False" />
    <point id="PT_7" x="37" y="0" controllable="False" connectable="False" />
    <point id="PT_8" x="0" y="11" controllable="False" connectable="True" />
    <point id="PT_9" x="37" y="11" controllable="False" connectable="False" />
    <point id="PT_10" x="118" y="11" controllable="False" connectable="False" />
    <point id="PT_11" x="155" y="11" controllable="False" connectable="True" />
  </points>
  <drawings>
    <line startPoint="PT_0" endPoint="PT_1" style="def" />
    <line startPoint="PT_2" endPoint="PT_3" style="def" />
    <line startPoint="PT_4" endPoint="PT_5" style="def" />
    <line startPoint="PT_6" endPoint="PT_7" style="def" />
    <line startPoint="PT_8" endPoint="PT_9" style="def" />
    <line startPoint="PT_10" endPoint="PT_11" style="def" />
  </drawings>
  <fillings />
  <styles>
    <drawingStyle id="def" red="0" green="0" blue="0" width="1" style="solid" />
  </styles>
  <attribute>
    <variable id="info" name ="Resistor" sname="Res" resistance="100" unit="ohm" modify="resistance,sname" show="sname,=,resistance,unit"/>
  </attribute>
  <restriction />

  </graphicTemplate>